{
    "accuracy": 0.8166027651911235,
    "precision": 0.5798922800718133,
    "recall": 0.09950708564386938,
    "f1": 0.16986589534577964
}