{
    "LinearRegression": {
        "MAE": 14574.12086895914,
        "RMSE": 43787.66836820024,
        "R2": 0.0046748959461276884
    },
    "DecisionTree": {
        "MAE": 14587.025234048655,
        "RMSE": 43805.71140504033,
        "R2": 0.003854464614860942
    },
    "RandomForest": {
        "MAE": 14657.634445550872,
        "RMSE": 43799.94324329842,
        "R2": 0.004116784302490628
    }
}