{
    "LinearRegression": {
        "MAE": 13.254655804883098,
        "RMSE": 24.003095754862713,
        "R2": 0.02174209197270338
    },
    "DecisionTree": {
        "MAE": 13.696629213483146,
        "RMSE": 26.369457988490048,
        "R2": -0.1806502362923854
    },
    "RandomForest": {
        "MAE": 11.661785045478865,
        "RMSE": 22.052264897226287,
        "R2": 0.17429435554056405
    }
}