{
    "LinearRegression": {
        "MAE": 14485.225478414408,
        "RMSE": 43612.193101023775,
        "R2": 0.01263626899154735
    },
    "DecisionTree": {
        "MAE": 3936.1948955916473,
        "RMSE": 17976.230438800652,
        "R2": 0.832251528781484
    },
    "RandomForest": {
        "MAE": 5052.061484918793,
        "RMSE": 22234.089807747972,
        "R2": 0.7433743699991161
    }
}